fund_house,HHI,concentrated
Aditya Birla Sun Life MF,0.35101816085048326,True
Axis Mutual Fund,0.3576824172498658,True
DSP Mutual Fund,0.3350596260688801,True
HDFC Mutual Fund,0.3746333972958599,True
ICICI Prudential MF,0.5225870676823454,True
Kotak Mahindra MF,0.25952389008709026,True
Mirae Asset MF,0.6328646759440844,True
Nippon India MF,0.2881558548641724,True
SBI Mutual Fund,0.4306823479568149,True
UTI Mutual Fund,0.47153487136871164,True
